{
  "hash": "ac684879",
  "configHash": "a3e11a58",
  "lockfileHash": "3b657296",
  "browserHash": "c6877c60",
  "optimized": {
    "@angular/common": {
      "src": "../../../../../../node_modules/@angular/common/fesm2022/common.mjs",
      "file": "@angular_common.js",
      "fileHash": "f3ecc764",
      "needsInterop": false
    },
    "@angular/common/http": {
      "src": "../../../../../../node_modules/@angular/common/fesm2022/http.mjs",
      "file": "@angular_common_http.js",
      "fileHash": "62167049",
      "needsInterop": false
    },
    "@angular/core": {
      "src": "../../../../../../node_modules/@angular/core/fesm2022/core.mjs",
      "file": "@angular_core.js",
      "fileHash": "fccfccbe",
      "needsInterop": false
    },
    "@angular/forms": {
      "src": "../../../../../../node_modules/@angular/forms/fesm2022/forms.mjs",
      "file": "@angular_forms.js",
      "fileHash": "febce049",
      "needsInterop": false
    },
    "@angular/platform-browser": {
      "src": "../../../../../../node_modules/@angular/platform-browser/fesm2022/platform-browser.mjs",
      "file": "@angular_platform-browser.js",
      "fileHash": "b7d76935",
      "needsInterop": false
    },
    "@angular/platform-browser/animations/async": {
      "src": "../../../../../../node_modules/@angular/platform-browser/fesm2022/animations/async.mjs",
      "file": "@angular_platform-browser_animations_async.js",
      "fileHash": "f289a505",
      "needsInterop": false
    },
    "@angular/platform-server": {
      "src": "../../../../../../node_modules/@angular/platform-server/fesm2022/platform-server.mjs",
      "file": "@angular_platform-server.js",
      "fileHash": "2f99db10",
      "needsInterop": false
    },
    "@angular/router": {
      "src": "../../../../../../node_modules/@angular/router/fesm2022/router.mjs",
      "file": "@angular_router.js",
      "fileHash": "bdb098fc",
      "needsInterop": false
    },
    "@angular/ssr": {
      "src": "../../../../../../node_modules/@angular/ssr/fesm2022/ssr.mjs",
      "file": "@angular_ssr.js",
      "fileHash": "4e822ca1",
      "needsInterop": false
    },
    "@angular/ssr/node": {
      "src": "../../../../../../node_modules/@angular/ssr/fesm2022/node.mjs",
      "file": "@angular_ssr_node.js",
      "fileHash": "ff59e6a7",
      "needsInterop": false
    },
    "express": {
      "src": "../../../../../../node_modules/express/index.js",
      "file": "express.js",
      "fileHash": "66e8f674",
      "needsInterop": true
    },
    "rxjs": {
      "src": "../../../../../../node_modules/rxjs/dist/cjs/index.js",
      "file": "rxjs.js",
      "fileHash": "8e6cbd17",
      "needsInterop": true
    },
    "rxjs/operators": {
      "src": "../../../../../../node_modules/rxjs/dist/cjs/operators/index.js",
      "file": "rxjs_operators.js",
      "fileHash": "e929e9e8",
      "needsInterop": true
    }
  },
  "chunks": {
    "browser-TQJUYA6Q": {
      "file": "browser-TQJUYA6Q.js"
    },
    "xhr2-TXIMV6CV": {
      "file": "xhr2-TXIMV6CV.js"
    },
    "chunk-2D2DZZKV": {
      "file": "chunk-2D2DZZKV.js"
    },
    "chunk-KDNCW4TU": {
      "file": "chunk-KDNCW4TU.js"
    },
    "chunk-QTISKG3A": {
      "file": "chunk-QTISKG3A.js"
    },
    "chunk-K7UAYE4P": {
      "file": "chunk-K7UAYE4P.js"
    },
    "chunk-LC7UHLP2": {
      "file": "chunk-LC7UHLP2.js"
    },
    "chunk-ZGMJS7C7": {
      "file": "chunk-ZGMJS7C7.js"
    },
    "chunk-QKJGYKNC": {
      "file": "chunk-QKJGYKNC.js"
    },
    "chunk-FCGBQOO5": {
      "file": "chunk-FCGBQOO5.js"
    },
    "chunk-TDK5NIWS": {
      "file": "chunk-TDK5NIWS.js"
    },
    "chunk-WBQSER3X": {
      "file": "chunk-WBQSER3X.js"
    },
    "chunk-RK6XMIZN": {
      "file": "chunk-RK6XMIZN.js"
    },
    "chunk-YHCV7DAQ": {
      "file": "chunk-YHCV7DAQ.js"
    }
  }
}